{"cameraMode":{"drawMode":0,"name":"Shaded","section":"Shading Mode"},"sceneLighting":true,"audioPlay":false,"sceneViewState":{"showFog":true,"showMaterialUpdate":false,"showSkybox":true,"showFlares":true,"showImageEffects":true,"showParticleSystems":true,"showVisualEffectGraphs":true,"m_FxEnabled":true},"in2DMode":false,"pivot":{"x":13.135255813598633,"y":0.7906766533851624,"z":-19.055858612060548},"rotation":{"x":-0.00117979955393821,"y":0.9959964156150818,"z":-0.09020639955997467,"w":-0.020165788009762765},"size":4.707851886749268,"orthographic":false}