{"cameraMode":{"drawMode":0,"name":"Shaded","section":"Shading Mode"},"sceneLighting":true,"audioPlay":false,"sceneViewState":{"showFog":true,"showMaterialUpdate":false,"showSkybox":true,"showFlares":true,"showImageEffects":true,"showParticleSystems":true,"showVisualEffectGraphs":true,"m_FxEnabled":true},"in2DMode":false,"pivot":{"x":5.690119743347168,"y":3.5578854084014894,"z":-18.811227798461915},"rotation":{"x":-0.00481654517352581,"y":0.9982494115829468,"z":-0.057149503380060199,"w":-0.03071880154311657},"size":0.7504013180732727,"orthographic":false}