{"cameraMode":{"drawMode":0,"name":"Shaded","section":"Shading Mode"},"sceneLighting":true,"audioPlay":false,"sceneViewState":{"showFog":true,"showMaterialUpdate":false,"showSkybox":true,"showFlares":true,"showImageEffects":true,"showParticleSystems":true,"showVisualEffectGraphs":true,"m_FxEnabled":true},"in2DMode":false,"pivot":{"x":19.324722290039064,"y":1.9510942697525025,"z":-19.663373947143556},"rotation":{"x":0.08224125951528549,"y":-0.8570913672447205,"z":0.13575266301631928,"w":0.49096864461898806},"size":1.9344217777252198,"orthographic":false}