{"cameraMode":{"drawMode":0,"name":"Shaded","section":"Shading Mode"},"sceneLighting":true,"audioPlay":false,"sceneViewState":{"showFog":true,"showMaterialUpdate":false,"showSkybox":true,"showFlares":true,"showImageEffects":true,"showParticleSystems":true,"showVisualEffectGraphs":true,"m_FxEnabled":true},"in2DMode":false,"pivot":{"x":23.051183700561525,"y":3.8200716972351076,"z":8.83237361907959},"rotation":{"x":0.041497524827718738,"y":0.9323943853378296,"z":-0.3416607081890106,"w":0.11147347092628479},"size":-0.9078204035758972,"orthographic":false}