{"cameraMode":{"drawMode":0,"name":"Shaded","section":"Shading Mode"},"sceneLighting":true,"audioPlay":false,"sceneViewState":{"showFog":true,"showMaterialUpdate":false,"showSkybox":true,"showFlares":true,"showImageEffects":true,"showParticleSystems":true,"showVisualEffectGraphs":true,"m_FxEnabled":true},"in2DMode":false,"pivot":{"x":15.63856029510498,"y":2.3555569648742677,"z":0.39540088176727297},"rotation":{"x":0.009640270844101906,"y":0.057419292628765109,"z":0.010079559870064259,"w":-0.9983261227607727},"size":0.1417418271303177,"orthographic":false}