{"cameraMode":{"drawMode":0,"name":"Shaded","section":"Shading Mode"},"sceneLighting":true,"audioPlay":false,"sceneViewState":{"showFog":true,"showMaterialUpdate":false,"showSkybox":true,"showFlares":true,"showImageEffects":true,"showParticleSystems":true,"showVisualEffectGraphs":true,"m_FxEnabled":true},"in2DMode":false,"pivot":{"x":2.1282596588134767,"y":-4.185494899749756,"z":22.056882858276368},"rotation":{"x":0.09883564710617066,"y":-0.2501797676086426,"z":0.025773977860808374,"w":0.9628634452819824},"size":16.279552459716798,"orthographic":false}